<?xml version="1.0" encoding="UTF-8"?>
<project-private xmlns="http://www.netbeans.org/ns/project-private/1">
    <editor-bookmarks xmlns="http://www.netbeans.org/ns/editor-bookmarks/2" lastBookmarkId="0"/>
    <open-files xmlns="http://www.netbeans.org/ns/projectui-open-files/2">
        <group>
            <file>file:/C:/Users/kero/Documents/NetBeansProjects/Talabat/src/talabat/PasswordHashing.java</file>
            <file>file:/C:/Users/kero/Documents/NetBeansProjects/Talabat/src/talabat/User.java</file>
            <file>file:/C:/Users/kero/Documents/NetBeansProjects/Talabat/src/talabat/Talabat.java</file>
            <file>file:/C:/Users/kero/Documents/NetBeansProjects/Talabat/src/talabat/RestaurantOwner.java</file>
            <file>file:/C:/Users/kero/Documents/NetBeansProjects/Talabat/src/talabat/Customer.java</file>
        </group>
    </open-files>
</project-private>
